{
  "EU": {
    "Intraday": {
      "solar": {
        "percentage": {
          "file_id": "1EYJzhzKPCJ3Fa6cV2lWnkX9N-DNW_bsn",
          "view_url": "https://drive.google.com/file/d/1EYJzhzKPCJ3Fa6cV2lWnkX9N-DNW_bsn/view",
          "direct_url": "https://drive.google.com/thumbnail?id=1EYJzhzKPCJ3Fa6cV2lWnkX9N-DNW_bsn&sz=w1998"
        },
        "absolute": {
          "file_id": "1T1y-ILSfkGLqlO71szF1mwDwcUdX5yOr",
          "view_url": "https://drive.google.com/file/d/1T1y-ILSfkGLqlO71szF1mwDwcUdX5yOr/view",
          "direct_url": "https://drive.google.com/thumbnail?id=1T1y-ILSfkGLqlO71szF1mwDwcUdX5yOr&sz=w1998"
        },
        "updated": "2025-12-28T19:49:14.120112"
      },
      "wind": {
        "percentage": {
          "file_id": "1c4x2nvvjeopeLsCnuomThi5lF9WzaqDS",
          "view_url": "https://drive.google.com/file/d/1c4x2nvvjeopeLsCnuomThi5lF9WzaqDS/view",
          "direct_url": "https://drive.google.com/thumbnail?id=1c4x2nvvjeopeLsCnuomThi5lF9WzaqDS&sz=w1998"
        },
        "absolute": {
          "file_id": "1o-Brqwqrc4RVQkMSmDXELe37iU9Xb8Hg",
          "view_url": "https://drive.google.com/file/d/1o-Brqwqrc4RVQkMSmDXELe37iU9Xb8Hg/view",
          "direct_url": "https://drive.google.com/thumbnail?id=1o-Brqwqrc4RVQkMSmDXELe37iU9Xb8Hg&sz=w1998"
        },
        "updated": "2025-12-28T19:49:14.120131"
      },
      "hydro": {
        "percentage": {
          "file_id": "1FTX44HVOGFDWqHZHm7pv7morhZWmwbZj",
          "view_url": "https://drive.google.com/file/d/1FTX44HVOGFDWqHZHm7pv7morhZWmwbZj/view",
          "direct_url": "https://drive.google.com/thumbnail?id=1FTX44HVOGFDWqHZHm7pv7morhZWmwbZj&sz=w1998"
        },
        "absolute": {
          "file_id": "1sEzUXKK1behp8RWZfrpkWPpVGK9O0SqP",
          "view_url": "https://drive.google.com/file/d/1sEzUXKK1behp8RWZfrpkWPpVGK9O0SqP/view",
          "direct_url": "https://drive.google.com/thumbnail?id=1sEzUXKK1behp8RWZfrpkWPpVGK9O0SqP&sz=w1998"
        },
        "updated": "2025-12-28T19:49:14.120137"
      },
      "biomass": {
        "percentage": {
          "file_id": "1s3PG-6zQJv6a_1V2CMAI4kQMd14OCSea",
          "view_url": "https://drive.google.com/file/d/1s3PG-6zQJv6a_1V2CMAI4kQMd14OCSea/view",
          "direct_url": "https://drive.google.com/thumbnail?id=1s3PG-6zQJv6a_1V2CMAI4kQMd14OCSea&sz=w1998"
        },
        "absolute": {
          "file_id": "1eEM-i0y2mmbTSq04pRPk8lkWoyevCopf",
          "view_url": "https://drive.google.com/file/d/1eEM-i0y2mmbTSq04pRPk8lkWoyevCopf/view",
          "direct_url": "https://drive.google.com/thumbnail?id=1eEM-i0y2mmbTSq04pRPk8lkWoyevCopf&sz=w1998"
        },
        "updated": "2025-12-28T19:49:14.120143"
      },
      "geothermal": {
        "percentage": {
          "file_id": "1zcpNOmNStCZxNDUUfNrEZasUYUAI4tCP",
          "view_url": "https://drive.google.com/file/d/1zcpNOmNStCZxNDUUfNrEZasUYUAI4tCP/view",
          "direct_url": "https://drive.google.com/thumbnail?id=1zcpNOmNStCZxNDUUfNrEZasUYUAI4tCP&sz=w1998"
        },
        "absolute": {
          "file_id": "1NhuhCBl-BIRI_MgDodkVLDPmbSETsqlo",
          "view_url": "https://drive.google.com/file/d/1NhuhCBl-BIRI_MgDodkVLDPmbSETsqlo/view",
          "direct_url": "https://drive.google.com/thumbnail?id=1NhuhCBl-BIRI_MgDodkVLDPmbSETsqlo&sz=w1998"
        },
        "updated": "2025-12-28T19:49:14.120148"
      },
      "gas": {
        "percentage": {
          "file_id": "18avDGCQc9GAf12Puku302x6NbKxyGoOv",
          "view_url": "https://drive.google.com/file/d/18avDGCQc9GAf12Puku302x6NbKxyGoOv/view",
          "direct_url": "https://drive.google.com/thumbnail?id=18avDGCQc9GAf12Puku302x6NbKxyGoOv&sz=w1998"
        },
        "absolute": {
          "file_id": "13K07mbi4eM4Vu2EqiPLzJH-R6usMg1bq",
          "view_url": "https://drive.google.com/file/d/13K07mbi4eM4Vu2EqiPLzJH-R6usMg1bq/view",
          "direct_url": "https://drive.google.com/thumbnail?id=13K07mbi4eM4Vu2EqiPLzJH-R6usMg1bq&sz=w1998"
        },
        "updated": "2025-12-28T19:49:14.120153"
      },
      "coal": {
        "percentage": {
          "file_id": "1kYoe5Mm1ceRQVq6DG0aRXMxge1phieh4",
          "view_url": "https://drive.google.com/file/d/1kYoe5Mm1ceRQVq6DG0aRXMxge1phieh4/view",
          "direct_url": "https://drive.google.com/thumbnail?id=1kYoe5Mm1ceRQVq6DG0aRXMxge1phieh4&sz=w1998"
        },
        "absolute": {
          "file_id": "1Am_IJT-DCWVXFAg9pXKZBG_WFtqXG0d9",
          "view_url": "https://drive.google.com/file/d/1Am_IJT-DCWVXFAg9pXKZBG_WFtqXG0d9/view",
          "direct_url": "https://drive.google.com/thumbnail?id=1Am_IJT-DCWVXFAg9pXKZBG_WFtqXG0d9&sz=w1998"
        },
        "updated": "2025-12-28T19:49:14.120158"
      },
      "nuclear": {
        "percentage": {
          "file_id": "1eENCBtU3n9CMZYGhwSqgwXjgLna4Lnxl",
          "view_url": "https://drive.google.com/file/d/1eENCBtU3n9CMZYGhwSqgwXjgLna4Lnxl/view",
          "direct_url": "https://drive.google.com/thumbnail?id=1eENCBtU3n9CMZYGhwSqgwXjgLna4Lnxl&sz=w1998"
        },
        "absolute": {
          "file_id": "1qQCpGVHep-W8BotpdO_35GH1Qs4BauIe",
          "view_url": "https://drive.google.com/file/d/1qQCpGVHep-W8BotpdO_35GH1Qs4BauIe/view",
          "direct_url": "https://drive.google.com/thumbnail?id=1qQCpGVHep-W8BotpdO_35GH1Qs4BauIe&sz=w1998"
        },
        "updated": "2025-12-28T19:49:14.120163"
      },
      "oil": {
        "percentage": {
          "file_id": "1rpCVeZ_qRz6DL3oVEgKYyXSGFnSpZbbk",
          "view_url": "https://drive.google.com/file/d/1rpCVeZ_qRz6DL3oVEgKYyXSGFnSpZbbk/view",
          "direct_url": "https://drive.google.com/thumbnail?id=1rpCVeZ_qRz6DL3oVEgKYyXSGFnSpZbbk&sz=w1998"
        },
        "absolute": {
          "file_id": "1pNagivnWdhWZvZwvoaoPvebA6T3bk2Dm",
          "view_url": "https://drive.google.com/file/d/1pNagivnWdhWZvZwvoaoPvebA6T3bk2Dm/view",
          "direct_url": "https://drive.google.com/thumbnail?id=1pNagivnWdhWZvZwvoaoPvebA6T3bk2Dm&sz=w1998"
        },
        "updated": "2025-12-28T19:49:14.120169"
      },
      "waste": {
        "percentage": {
          "file_id": "1CVo_YN9hduQzgGWA3Bum_2HO-CY7wJOl",
          "view_url": "https://drive.google.com/file/d/1CVo_YN9hduQzgGWA3Bum_2HO-CY7wJOl/view",
          "direct_url": "https://drive.google.com/thumbnail?id=1CVo_YN9hduQzgGWA3Bum_2HO-CY7wJOl&sz=w1998"
        },
        "absolute": {
          "file_id": "1Ww_sJkFdoHOoEFe4FlHxJ9v-C7S6EQEa",
          "view_url": "https://drive.google.com/file/d/1Ww_sJkFdoHOoEFe4FlHxJ9v-C7S6EQEa/view",
          "direct_url": "https://drive.google.com/thumbnail?id=1Ww_sJkFdoHOoEFe4FlHxJ9v-C7S6EQEa&sz=w1998"
        },
        "updated": "2025-12-28T19:49:14.120173"
      },
      "all-renewables": {
        "percentage": {
          "file_id": "1d1SQtLccWCJAoAuWb7T1e9PonGUmq4rg",
          "view_url": "https://drive.google.com/file/d/1d1SQtLccWCJAoAuWb7T1e9PonGUmq4rg/view",
          "direct_url": "https://drive.google.com/thumbnail?id=1d1SQtLccWCJAoAuWb7T1e9PonGUmq4rg&sz=w1998"
        },
        "absolute": {
          "file_id": "1K4-JzqG0-Xjy-7P91_6arXQ841QbPExg",
          "view_url": "https://drive.google.com/file/d/1K4-JzqG0-Xjy-7P91_6arXQ841QbPExg/view",
          "direct_url": "https://drive.google.com/thumbnail?id=1K4-JzqG0-Xjy-7P91_6arXQ841QbPExg&sz=w1998"
        },
        "updated": "2025-12-28T19:49:14.120178"
      },
      "all-non-renewables": {
        "percentage": {
          "file_id": "1S0iaHI23BRP5uNsmBSLhXtjxJP-XnZGJ",
          "view_url": "https://drive.google.com/file/d/1S0iaHI23BRP5uNsmBSLhXtjxJP-XnZGJ/view",
          "direct_url": "https://drive.google.com/thumbnail?id=1S0iaHI23BRP5uNsmBSLhXtjxJP-XnZGJ&sz=w1998"
        },
        "absolute": {
          "file_id": "1EHxGJEm8dUkEYak71qr4zpUnOwByfkt4",
          "view_url": "https://drive.google.com/file/d/1EHxGJEm8dUkEYak71qr4zpUnOwByfkt4/view",
          "direct_url": "https://drive.google.com/thumbnail?id=1EHxGJEm8dUkEYak71qr4zpUnOwByfkt4&sz=w1998"
        },
        "updated": "2025-12-28T19:49:14.120183"
      }
    },
    "data_sheet_id": "1AAu-g8_odGU5HMajTnrc04VvscIFOUNAtXgbDbUnrpA"
  },
  "DE": {
    "Intraday": {
      "solar": {
        "percentage": {
          "file_id": "1JYoALnIBcidztlkNtcWnepsupoOuiINV",
          "view_url": "https://drive.google.com/file/d/1JYoALnIBcidztlkNtcWnepsupoOuiINV/view",
          "direct_url": "https://drive.google.com/thumbnail?id=1JYoALnIBcidztlkNtcWnepsupoOuiINV&sz=w1999"
        },
        "absolute": {
          "file_id": "1jYNGlJePd6RalI3BSJ-Ftl5FNFw6uvLN",
          "view_url": "https://drive.google.com/file/d/1jYNGlJePd6RalI3BSJ-Ftl5FNFw6uvLN/view",
          "direct_url": "https://drive.google.com/thumbnail?id=1jYNGlJePd6RalI3BSJ-Ftl5FNFw6uvLN&sz=w1999"
        },
        "updated": "2025-12-28T19:51:18.853034"
      },
      "wind": {
        "percentage": {
          "file_id": "1uWVmFX2eMDL15XlOwTuy10ddxI6l3UqC",
          "view_url": "https://drive.google.com/file/d/1uWVmFX2eMDL15XlOwTuy10ddxI6l3UqC/view",
          "direct_url": "https://drive.google.com/thumbnail?id=1uWVmFX2eMDL15XlOwTuy10ddxI6l3UqC&sz=w1999"
        },
        "absolute": {
          "file_id": "1Fk3ccv-RGLvub5wYEPLiyFibAufZIAsj",
          "view_url": "https://drive.google.com/file/d/1Fk3ccv-RGLvub5wYEPLiyFibAufZIAsj/view",
          "direct_url": "https://drive.google.com/thumbnail?id=1Fk3ccv-RGLvub5wYEPLiyFibAufZIAsj&sz=w1999"
        },
        "updated": "2025-12-28T19:51:18.853049"
      },
      "hydro": {
        "percentage": {
          "file_id": "1kwQhavTd31MF9z4Jg7Mv7YPTrgXZQWGP",
          "view_url": "https://drive.google.com/file/d/1kwQhavTd31MF9z4Jg7Mv7YPTrgXZQWGP/view",
          "direct_url": "https://drive.google.com/thumbnail?id=1kwQhavTd31MF9z4Jg7Mv7YPTrgXZQWGP&sz=w1999"
        },
        "absolute": {
          "file_id": "1l9JHTtgSU4RVwwiTa6j4xYdcjeBlG6Xw",
          "view_url": "https://drive.google.com/file/d/1l9JHTtgSU4RVwwiTa6j4xYdcjeBlG6Xw/view",
          "direct_url": "https://drive.google.com/thumbnail?id=1l9JHTtgSU4RVwwiTa6j4xYdcjeBlG6Xw&sz=w1999"
        },
        "updated": "2025-12-28T19:51:18.853055"
      },
      "biomass": {
        "percentage": {
          "file_id": "177IOCvXi8F-Ol4G_k1qlV0sav5LFGocs",
          "view_url": "https://drive.google.com/file/d/177IOCvXi8F-Ol4G_k1qlV0sav5LFGocs/view",
          "direct_url": "https://drive.google.com/thumbnail?id=177IOCvXi8F-Ol4G_k1qlV0sav5LFGocs&sz=w1999"
        },
        "absolute": {
          "file_id": "1Uutyh2yd0Et8l-Qi6tiTT4UTa7ngHtwF",
          "view_url": "https://drive.google.com/file/d/1Uutyh2yd0Et8l-Qi6tiTT4UTa7ngHtwF/view",
          "direct_url": "https://drive.google.com/thumbnail?id=1Uutyh2yd0Et8l-Qi6tiTT4UTa7ngHtwF&sz=w1999"
        },
        "updated": "2025-12-28T19:51:18.853060"
      },
      "geothermal": {
        "percentage": {
          "file_id": "1St_eRrzk8aME6MdLSLwDGWRdiJ6FGBgD",
          "view_url": "https://drive.google.com/file/d/1St_eRrzk8aME6MdLSLwDGWRdiJ6FGBgD/view",
          "direct_url": "https://drive.google.com/thumbnail?id=1St_eRrzk8aME6MdLSLwDGWRdiJ6FGBgD&sz=w1999"
        },
        "absolute": {
          "file_id": "1Bijx3MmTEH4ta8CbeXQEFdP45rRR29ga",
          "view_url": "https://drive.google.com/file/d/1Bijx3MmTEH4ta8CbeXQEFdP45rRR29ga/view",
          "direct_url": "https://drive.google.com/thumbnail?id=1Bijx3MmTEH4ta8CbeXQEFdP45rRR29ga&sz=w1999"
        },
        "updated": "2025-12-28T19:51:18.853065"
      },
      "gas": {
        "percentage": {
          "file_id": "1hKkp7Up0YKYmTqlysV2zgDNaSphBShaE",
          "view_url": "https://drive.google.com/file/d/1hKkp7Up0YKYmTqlysV2zgDNaSphBShaE/view",
          "direct_url": "https://drive.google.com/thumbnail?id=1hKkp7Up0YKYmTqlysV2zgDNaSphBShaE&sz=w1999"
        },
        "absolute": {
          "file_id": "1cRMxLQ7krFKobVsmv2DX9UhOdBQtaLRJ",
          "view_url": "https://drive.google.com/file/d/1cRMxLQ7krFKobVsmv2DX9UhOdBQtaLRJ/view",
          "direct_url": "https://drive.google.com/thumbnail?id=1cRMxLQ7krFKobVsmv2DX9UhOdBQtaLRJ&sz=w1999"
        },
        "updated": "2025-12-28T19:51:18.853069"
      },
      "coal": {
        "percentage": {
          "file_id": "1ptZYbQhUfuk1_TK8C-FcW3nAdKrhhs85",
          "view_url": "https://drive.google.com/file/d/1ptZYbQhUfuk1_TK8C-FcW3nAdKrhhs85/view",
          "direct_url": "https://drive.google.com/thumbnail?id=1ptZYbQhUfuk1_TK8C-FcW3nAdKrhhs85&sz=w1999"
        },
        "absolute": {
          "file_id": "1EM0e2n34cPxAXqpFh_Qz1xpOZseYpIb5",
          "view_url": "https://drive.google.com/file/d/1EM0e2n34cPxAXqpFh_Qz1xpOZseYpIb5/view",
          "direct_url": "https://drive.google.com/thumbnail?id=1EM0e2n34cPxAXqpFh_Qz1xpOZseYpIb5&sz=w1999"
        },
        "updated": "2025-12-28T19:51:18.853074"
      },
      "nuclear": {
        "percentage": {
          "file_id": "1Qj6GlgFacmRkk_y6JA_IrVK3s7Kju5yU",
          "view_url": "https://drive.google.com/file/d/1Qj6GlgFacmRkk_y6JA_IrVK3s7Kju5yU/view",
          "direct_url": "https://drive.google.com/thumbnail?id=1Qj6GlgFacmRkk_y6JA_IrVK3s7Kju5yU&sz=w1999"
        },
        "absolute": {
          "file_id": "1M8wxFAJhHpFCKGbQx5Kfr_HaPrMh_Eo8",
          "view_url": "https://drive.google.com/file/d/1M8wxFAJhHpFCKGbQx5Kfr_HaPrMh_Eo8/view",
          "direct_url": "https://drive.google.com/thumbnail?id=1M8wxFAJhHpFCKGbQx5Kfr_HaPrMh_Eo8&sz=w1999"
        },
        "updated": "2025-12-28T19:51:18.853078"
      },
      "oil": {
        "percentage": {
          "file_id": "1xzvnOlRtDrxO7Za8vb_GHRW180Uq8yUV",
          "view_url": "https://drive.google.com/file/d/1xzvnOlRtDrxO7Za8vb_GHRW180Uq8yUV/view",
          "direct_url": "https://drive.google.com/thumbnail?id=1xzvnOlRtDrxO7Za8vb_GHRW180Uq8yUV&sz=w1999"
        },
        "absolute": {
          "file_id": "1fAFqZwSPvwT2cT_ebbxYXd_3Axxg7aBa",
          "view_url": "https://drive.google.com/file/d/1fAFqZwSPvwT2cT_ebbxYXd_3Axxg7aBa/view",
          "direct_url": "https://drive.google.com/thumbnail?id=1fAFqZwSPvwT2cT_ebbxYXd_3Axxg7aBa&sz=w1999"
        },
        "updated": "2025-12-28T19:51:18.853083"
      },
      "waste": {
        "percentage": {
          "file_id": "1x1sUneyFvFtXrUmVIm6gxFFi0s12bYbG",
          "view_url": "https://drive.google.com/file/d/1x1sUneyFvFtXrUmVIm6gxFFi0s12bYbG/view",
          "direct_url": "https://drive.google.com/thumbnail?id=1x1sUneyFvFtXrUmVIm6gxFFi0s12bYbG&sz=w1999"
        },
        "absolute": {
          "file_id": "127GkacO_0Uvli_bDoECOHOtJC0ea1_tm",
          "view_url": "https://drive.google.com/file/d/127GkacO_0Uvli_bDoECOHOtJC0ea1_tm/view",
          "direct_url": "https://drive.google.com/thumbnail?id=127GkacO_0Uvli_bDoECOHOtJC0ea1_tm&sz=w1999"
        },
        "updated": "2025-12-28T19:51:18.853087"
      },
      "all-renewables": {
        "percentage": {
          "file_id": "1QDt0-1IUvzm0zr-yCrWBscNQrZTgp80z",
          "view_url": "https://drive.google.com/file/d/1QDt0-1IUvzm0zr-yCrWBscNQrZTgp80z/view",
          "direct_url": "https://drive.google.com/thumbnail?id=1QDt0-1IUvzm0zr-yCrWBscNQrZTgp80z&sz=w1999"
        },
        "absolute": {
          "file_id": "1S6UJqK11umusStku0bCIQRkp-k8-q1UX",
          "view_url": "https://drive.google.com/file/d/1S6UJqK11umusStku0bCIQRkp-k8-q1UX/view",
          "direct_url": "https://drive.google.com/thumbnail?id=1S6UJqK11umusStku0bCIQRkp-k8-q1UX&sz=w1999"
        },
        "updated": "2025-12-28T19:51:18.853091"
      },
      "all-non-renewables": {
        "percentage": {
          "file_id": "1VT9KgEW696d5Gxj_-IEshnw4u15yIk6u",
          "view_url": "https://drive.google.com/file/d/1VT9KgEW696d5Gxj_-IEshnw4u15yIk6u/view",
          "direct_url": "https://drive.google.com/thumbnail?id=1VT9KgEW696d5Gxj_-IEshnw4u15yIk6u&sz=w1999"
        },
        "absolute": {
          "file_id": "1hBYJHIvWKQG0OemmcQL_UGK32hMIuwNF",
          "view_url": "https://drive.google.com/file/d/1hBYJHIvWKQG0OemmcQL_UGK32hMIuwNF/view",
          "direct_url": "https://drive.google.com/thumbnail?id=1hBYJHIvWKQG0OemmcQL_UGK32hMIuwNF&sz=w1999"
        },
        "updated": "2025-12-28T19:51:18.853096"
      }
    },
    "data_sheet_id": "1p61EvXPvIQjO_zDVBXRlLtOHKRU5hKxxQe9_mqqp-GY"
  }
}