{
  "EU": {
    "Monthly": {
      "solar": {
        "percentage": {
          "file_id": "1_nwEWg8fVdcBoopVOm-O6N5Lw-F0Hz23",
          "view_url": "https://drive.google.com/file/d/1_nwEWg8fVdcBoopVOm-O6N5Lw-F0Hz23/view",
          "direct_url": "https://drive.google.com/thumbnail?id=1_nwEWg8fVdcBoopVOm-O6N5Lw-F0Hz23&sz=w2000",
          "updated": "2025-12-28T14:03:31.900480"
        },
        "absolute": {
          "file_id": "1xDwHe7Jxi69_amki4dzVDdV1G5eintpT",
          "view_url": "https://drive.google.com/file/d/1xDwHe7Jxi69_amki4dzVDdV1G5eintpT/view",
          "direct_url": "https://drive.google.com/thumbnail?id=1xDwHe7Jxi69_amki4dzVDdV1G5eintpT&sz=w2000",
          "updated": "2025-12-28T14:03:36.523867"
        }
      },
      "wind": {
        "percentage": {
          "file_id": "1K9ZwYpPiL950cRzRU86Jd8BdOsn1h90T",
          "view_url": "https://drive.google.com/file/d/1K9ZwYpPiL950cRzRU86Jd8BdOsn1h90T/view",
          "direct_url": "https://drive.google.com/thumbnail?id=1K9ZwYpPiL950cRzRU86Jd8BdOsn1h90T&sz=w2000",
          "updated": "2025-12-28T14:03:40.822375"
        },
        "absolute": {
          "file_id": "1OiWYO9BYq9YXt2nTtA0ei6vUnNuTqfxX",
          "view_url": "https://drive.google.com/file/d/1OiWYO9BYq9YXt2nTtA0ei6vUnNuTqfxX/view",
          "direct_url": "https://drive.google.com/thumbnail?id=1OiWYO9BYq9YXt2nTtA0ei6vUnNuTqfxX&sz=w2000",
          "updated": "2025-12-28T14:03:46.688495"
        }
      },
      "hydro": {
        "percentage": {
          "file_id": "14jPB1b0QiOxCvIUVG2rqDczsCN-Y7tdw",
          "view_url": "https://drive.google.com/file/d/14jPB1b0QiOxCvIUVG2rqDczsCN-Y7tdw/view",
          "direct_url": "https://drive.google.com/thumbnail?id=14jPB1b0QiOxCvIUVG2rqDczsCN-Y7tdw&sz=w2000",
          "updated": "2025-12-28T14:03:50.915759"
        },
        "absolute": {
          "file_id": "1AzCnJzBOkTxKQiWlWK8VUyeA6UZZs5eo",
          "view_url": "https://drive.google.com/file/d/1AzCnJzBOkTxKQiWlWK8VUyeA6UZZs5eo/view",
          "direct_url": "https://drive.google.com/thumbnail?id=1AzCnJzBOkTxKQiWlWK8VUyeA6UZZs5eo&sz=w2000",
          "updated": "2025-12-28T14:03:55.108558"
        }
      },
      "biomass": {
        "percentage": {
          "file_id": "1kdvONfNXUB0JnWDP1xhNglNELWxWx0z5",
          "view_url": "https://drive.google.com/file/d/1kdvONfNXUB0JnWDP1xhNglNELWxWx0z5/view",
          "direct_url": "https://drive.google.com/thumbnail?id=1kdvONfNXUB0JnWDP1xhNglNELWxWx0z5&sz=w2000",
          "updated": "2025-12-28T14:04:01.786014"
        },
        "absolute": {
          "file_id": "1vwPG1xgR1gHh7hr_vK969EdAlUkvDUKB",
          "view_url": "https://drive.google.com/file/d/1vwPG1xgR1gHh7hr_vK969EdAlUkvDUKB/view",
          "direct_url": "https://drive.google.com/thumbnail?id=1vwPG1xgR1gHh7hr_vK969EdAlUkvDUKB&sz=w2000",
          "updated": "2025-12-28T14:04:06.253457"
        }
      },
      "geothermal": {
        "percentage": {
          "file_id": "1bOR4O70qgDSjz8B5G-GvvKmLA7oucBP2",
          "view_url": "https://drive.google.com/file/d/1bOR4O70qgDSjz8B5G-GvvKmLA7oucBP2/view",
          "direct_url": "https://drive.google.com/thumbnail?id=1bOR4O70qgDSjz8B5G-GvvKmLA7oucBP2&sz=w2000",
          "updated": "2025-12-28T14:04:10.137428"
        },
        "absolute": {
          "file_id": "1btPkme6bn1EShMeP_0fBs0ddV65Pnabd",
          "view_url": "https://drive.google.com/file/d/1btPkme6bn1EShMeP_0fBs0ddV65Pnabd/view",
          "direct_url": "https://drive.google.com/thumbnail?id=1btPkme6bn1EShMeP_0fBs0ddV65Pnabd&sz=w2000",
          "updated": "2025-12-28T14:04:14.536863"
        }
      },
      "gas": {
        "percentage": {
          "file_id": "1MNKhlDamASEM9FLvDpYgexswlp_RDys8",
          "view_url": "https://drive.google.com/file/d/1MNKhlDamASEM9FLvDpYgexswlp_RDys8/view",
          "direct_url": "https://drive.google.com/thumbnail?id=1MNKhlDamASEM9FLvDpYgexswlp_RDys8&sz=w2000",
          "updated": "2025-12-28T14:04:18.867774"
        },
        "absolute": {
          "file_id": "1Fefq3k38dI5S0ap18QNWKWJ5S3mbzrxl",
          "view_url": "https://drive.google.com/file/d/1Fefq3k38dI5S0ap18QNWKWJ5S3mbzrxl/view",
          "direct_url": "https://drive.google.com/thumbnail?id=1Fefq3k38dI5S0ap18QNWKWJ5S3mbzrxl&sz=w2000",
          "updated": "2025-12-28T14:04:23.366812"
        }
      },
      "coal": {
        "percentage": {
          "file_id": "1q_HlfC3KTPHPeALvrHSMMxnGuBLFQ7mX",
          "view_url": "https://drive.google.com/file/d/1q_HlfC3KTPHPeALvrHSMMxnGuBLFQ7mX/view",
          "direct_url": "https://drive.google.com/thumbnail?id=1q_HlfC3KTPHPeALvrHSMMxnGuBLFQ7mX&sz=w2000",
          "updated": "2025-12-28T14:04:27.350594"
        },
        "absolute": {
          "file_id": "1pSTWksVJkqPg9G18cwAN3uh5aWF46Fqb",
          "view_url": "https://drive.google.com/file/d/1pSTWksVJkqPg9G18cwAN3uh5aWF46Fqb/view",
          "direct_url": "https://drive.google.com/thumbnail?id=1pSTWksVJkqPg9G18cwAN3uh5aWF46Fqb&sz=w2000",
          "updated": "2025-12-28T14:04:31.710898"
        }
      },
      "nuclear": {
        "percentage": {
          "file_id": "1mSqeMhrW1okJ3RsClW_8zzi17DmwAJSP",
          "view_url": "https://drive.google.com/file/d/1mSqeMhrW1okJ3RsClW_8zzi17DmwAJSP/view",
          "direct_url": "https://drive.google.com/thumbnail?id=1mSqeMhrW1okJ3RsClW_8zzi17DmwAJSP&sz=w2000",
          "updated": "2025-12-28T14:04:37.064127"
        },
        "absolute": {
          "file_id": "1Vz8XaIvXEPIFChr9vApp8SZ9V6nRGeQz",
          "view_url": "https://drive.google.com/file/d/1Vz8XaIvXEPIFChr9vApp8SZ9V6nRGeQz/view",
          "direct_url": "https://drive.google.com/thumbnail?id=1Vz8XaIvXEPIFChr9vApp8SZ9V6nRGeQz&sz=w2000",
          "updated": "2025-12-28T14:04:41.239530"
        }
      },
      "oil": {
        "percentage": {
          "file_id": "1MVklopAJnwmoHTQkqfYN_PyeD3M6Bdt0",
          "view_url": "https://drive.google.com/file/d/1MVklopAJnwmoHTQkqfYN_PyeD3M6Bdt0/view",
          "direct_url": "https://drive.google.com/thumbnail?id=1MVklopAJnwmoHTQkqfYN_PyeD3M6Bdt0&sz=w2000",
          "updated": "2025-12-28T14:04:45.253631"
        },
        "absolute": {
          "file_id": "12tvRWLLjBkgthjZxUJzKtJPuDR8jkirn",
          "view_url": "https://drive.google.com/file/d/12tvRWLLjBkgthjZxUJzKtJPuDR8jkirn/view",
          "direct_url": "https://drive.google.com/thumbnail?id=12tvRWLLjBkgthjZxUJzKtJPuDR8jkirn&sz=w2000",
          "updated": "2025-12-28T14:04:49.229615"
        }
      },
      "waste": {
        "percentage": {
          "file_id": "16tVoXiSLDbzlkyNUCjy9i-pZAbAniONe",
          "view_url": "https://drive.google.com/file/d/16tVoXiSLDbzlkyNUCjy9i-pZAbAniONe/view",
          "direct_url": "https://drive.google.com/thumbnail?id=16tVoXiSLDbzlkyNUCjy9i-pZAbAniONe&sz=w2000",
          "updated": "2025-12-28T14:04:53.409534"
        },
        "absolute": {
          "file_id": "1WD5JpOOaYRtTjvEPz8G18pi7j-ukRg_p",
          "view_url": "https://drive.google.com/file/d/1WD5JpOOaYRtTjvEPz8G18pi7j-ukRg_p/view",
          "direct_url": "https://drive.google.com/thumbnail?id=1WD5JpOOaYRtTjvEPz8G18pi7j-ukRg_p&sz=w2000",
          "updated": "2025-12-28T14:04:57.370437"
        }
      },
      "all_renewables": {
        "percentage": {
          "file_id": "1oa28BFEfYCisBiSrONJXcEI266UA97vn",
          "view_url": "https://drive.google.com/file/d/1oa28BFEfYCisBiSrONJXcEI266UA97vn/view",
          "direct_url": "https://drive.google.com/thumbnail?id=1oa28BFEfYCisBiSrONJXcEI266UA97vn&sz=w2000",
          "updated": "2025-12-28T14:05:01.502557"
        },
        "absolute": {
          "file_id": "1j84jBL3Ny4R8MeVhtLzRdnzwBO4IeAIP",
          "view_url": "https://drive.google.com/file/d/1j84jBL3Ny4R8MeVhtLzRdnzwBO4IeAIP/view",
          "direct_url": "https://drive.google.com/thumbnail?id=1j84jBL3Ny4R8MeVhtLzRdnzwBO4IeAIP&sz=w2000",
          "updated": "2025-12-28T14:05:05.811668"
        }
      },
      "all_non_renewables": {
        "percentage": {
          "file_id": "1ALj6o85KiAngZnMT1m6828wxgV5bJql4",
          "view_url": "https://drive.google.com/file/d/1ALj6o85KiAngZnMT1m6828wxgV5bJql4/view",
          "direct_url": "https://drive.google.com/thumbnail?id=1ALj6o85KiAngZnMT1m6828wxgV5bJql4&sz=w2000",
          "updated": "2025-12-28T14:05:09.976531"
        },
        "absolute": {
          "file_id": "1LJz_hjSGjcqA_fXBgVkwG9mvvihmW708",
          "view_url": "https://drive.google.com/file/d/1LJz_hjSGjcqA_fXBgVkwG9mvvihmW708/view",
          "direct_url": "https://drive.google.com/thumbnail?id=1LJz_hjSGjcqA_fXBgVkwG9mvvihmW708&sz=w2000",
          "updated": "2025-12-28T14:05:14.157868"
        }
      },
      "energy_sources_mean_2015_2019": {
        "percentage": {
          "file_id": "1KsIP0eGNA5kiScAPJUgSHA7r1cG2j75M",
          "view_url": "https://drive.google.com/file/d/1KsIP0eGNA5kiScAPJUgSHA7r1cG2j75M/view",
          "direct_url": "https://drive.google.com/thumbnail?id=1KsIP0eGNA5kiScAPJUgSHA7r1cG2j75M&sz=w2000",
          "updated": "2025-12-28T14:05:17.993846"
        },
        "absolute": {
          "file_id": "1uT1xsrDiRORVb7kAITVPLPyufUcmzMMF",
          "view_url": "https://drive.google.com/file/d/1uT1xsrDiRORVb7kAITVPLPyufUcmzMMF/view",
          "direct_url": "https://drive.google.com/thumbnail?id=1uT1xsrDiRORVb7kAITVPLPyufUcmzMMF&sz=w2000",
          "updated": "2025-12-28T14:05:22.257456"
        }
      },
      "energy_sources_mean_2020_2024": {
        "percentage": {
          "file_id": "163GkRXHEMF1PAtVaHlmkF7jUBPkqg1XU",
          "view_url": "https://drive.google.com/file/d/163GkRXHEMF1PAtVaHlmkF7jUBPkqg1XU/view",
          "direct_url": "https://drive.google.com/thumbnail?id=163GkRXHEMF1PAtVaHlmkF7jUBPkqg1XU&sz=w2000",
          "updated": "2025-12-28T14:05:26.352072"
        },
        "absolute": {
          "file_id": "1mgbDWnrPnW6WNH71LZ83XSVOtTJNLlgr",
          "view_url": "https://drive.google.com/file/d/1mgbDWnrPnW6WNH71LZ83XSVOtTJNLlgr/view",
          "direct_url": "https://drive.google.com/thumbnail?id=1mgbDWnrPnW6WNH71LZ83XSVOtTJNLlgr&sz=w2000",
          "updated": "2025-12-28T14:05:30.760940"
        }
      },
      "energy_sources_mean_2025_2029": {
        "percentage": {
          "file_id": "1262L5duuZ46QUkDjKjKtesI6Yl3OBSOd",
          "view_url": "https://drive.google.com/file/d/1262L5duuZ46QUkDjKjKtesI6Yl3OBSOd/view",
          "direct_url": "https://drive.google.com/thumbnail?id=1262L5duuZ46QUkDjKjKtesI6Yl3OBSOd&sz=w2000",
          "updated": "2025-12-28T14:05:34.678435"
        },
        "absolute": {
          "file_id": "1Jc9tWCofvFnvqL6-VpXxQBg2emrH2S9j",
          "view_url": "https://drive.google.com/file/d/1Jc9tWCofvFnvqL6-VpXxQBg2emrH2S9j/view",
          "direct_url": "https://drive.google.com/thumbnail?id=1Jc9tWCofvFnvqL6-VpXxQBg2emrH2S9j&sz=w2000",
          "updated": "2025-12-28T14:05:39.132104"
        }
      },
      "renewable_vs_nonrenewable_mean_2015_2019": {
        "percentage": {
          "file_id": "1iNNo0nVHvrK4RgXO6bmRJsHE2_SgOvZZ",
          "view_url": "https://drive.google.com/file/d/1iNNo0nVHvrK4RgXO6bmRJsHE2_SgOvZZ/view",
          "direct_url": "https://drive.google.com/thumbnail?id=1iNNo0nVHvrK4RgXO6bmRJsHE2_SgOvZZ&sz=w2000",
          "updated": "2025-12-28T14:05:42.754925"
        },
        "absolute": {
          "file_id": "1FwwIi8oaYJT4o8oeZk_REZhrjvAYiGWG",
          "view_url": "https://drive.google.com/file/d/1FwwIi8oaYJT4o8oeZk_REZhrjvAYiGWG/view",
          "direct_url": "https://drive.google.com/thumbnail?id=1FwwIi8oaYJT4o8oeZk_REZhrjvAYiGWG&sz=w2000",
          "updated": "2025-12-28T14:05:46.600683"
        }
      },
      "renewable_vs_nonrenewable_mean_2020_2024": {
        "percentage": {
          "file_id": "1gkSqK6_fbSOISRZn4CDEReO3MsRxwgAS",
          "view_url": "https://drive.google.com/file/d/1gkSqK6_fbSOISRZn4CDEReO3MsRxwgAS/view",
          "direct_url": "https://drive.google.com/thumbnail?id=1gkSqK6_fbSOISRZn4CDEReO3MsRxwgAS&sz=w2000",
          "updated": "2025-12-28T14:05:50.804332"
        },
        "absolute": {
          "file_id": "1jFTJGzJpzraF03lgSKT2p6EkWvPScgw1",
          "view_url": "https://drive.google.com/file/d/1jFTJGzJpzraF03lgSKT2p6EkWvPScgw1/view",
          "direct_url": "https://drive.google.com/thumbnail?id=1jFTJGzJpzraF03lgSKT2p6EkWvPScgw1&sz=w2000",
          "updated": "2025-12-28T14:05:55.008307"
        }
      },
      "renewable_vs_nonrenewable_mean_2025_2029": {
        "percentage": {
          "file_id": "1TIo48q8hcaFtFK4VBCZcXWq6HtZGZYPF",
          "view_url": "https://drive.google.com/file/d/1TIo48q8hcaFtFK4VBCZcXWq6HtZGZYPF/view",
          "direct_url": "https://drive.google.com/thumbnail?id=1TIo48q8hcaFtFK4VBCZcXWq6HtZGZYPF&sz=w2000",
          "updated": "2025-12-28T14:05:59.165894"
        },
        "absolute": {
          "file_id": "1km_Ibequ3IqotCOhXHV3BdvEYxpudp_Z",
          "view_url": "https://drive.google.com/file/d/1km_Ibequ3IqotCOhXHV3BdvEYxpudp_Z/view",
          "direct_url": "https://drive.google.com/thumbnail?id=1km_Ibequ3IqotCOhXHV3BdvEYxpudp_Z&sz=w2000",
          "updated": "2025-12-28T14:06:03.234201"
        }
      }
    },
    "Trends": {
      "all_sources": {
        "percentage": {
          "file_id": "1D_XK_MCXaI2lgKiXsPjN1bG9xd47xkoi",
          "view_url": "https://drive.google.com/file/d/1D_XK_MCXaI2lgKiXsPjN1bG9xd47xkoi/view",
          "direct_url": "https://drive.google.com/thumbnail?id=1D_XK_MCXaI2lgKiXsPjN1bG9xd47xkoi&sz=w2000",
          "updated": "2025-12-28T14:06:07.274478"
        },
        "absolute": {
          "file_id": "1Rvqjui8dnpBpDPEyPM1IKnpqY2H6d9ll",
          "view_url": "https://drive.google.com/file/d/1Rvqjui8dnpBpDPEyPM1IKnpqY2H6d9ll/view",
          "direct_url": "https://drive.google.com/thumbnail?id=1Rvqjui8dnpBpDPEyPM1IKnpqY2H6d9ll&sz=w2000",
          "updated": "2025-12-28T14:06:11.308750"
        }
      },
      "renewable_vs_nonrenewable": {
        "percentage": {
          "file_id": "1uRHWWeHCgfFd0IfNuynOPV9OI0c0d-ZR",
          "view_url": "https://drive.google.com/file/d/1uRHWWeHCgfFd0IfNuynOPV9OI0c0d-ZR/view",
          "direct_url": "https://drive.google.com/thumbnail?id=1uRHWWeHCgfFd0IfNuynOPV9OI0c0d-ZR&sz=w2000",
          "updated": "2025-12-28T14:06:15.331643"
        },
        "absolute": {
          "file_id": "10gOOcHJyOpsnWW5W5Tytoq972nCKuO9C",
          "view_url": "https://drive.google.com/file/d/10gOOcHJyOpsnWW5W5Tytoq972nCKuO9C/view",
          "direct_url": "https://drive.google.com/thumbnail?id=10gOOcHJyOpsnWW5W5Tytoq972nCKuO9C&sz=w2000",
          "updated": "2025-12-28T14:06:19.140185"
        }
      },
      "yoy_all_sources_vs_2015": {
        "percentage": {
          "file_id": "1daslPGV-NwUuN331xJeMkBT-IJzW8Ol0",
          "view_url": "https://drive.google.com/file/d/1daslPGV-NwUuN331xJeMkBT-IJzW8Ol0/view",
          "direct_url": "https://drive.google.com/thumbnail?id=1daslPGV-NwUuN331xJeMkBT-IJzW8Ol0&sz=w2000",
          "updated": "2025-12-28T14:06:23.171822"
        },
        "absolute": {
          "file_id": "1bG_ia7VI8jr1QDxnivp7sUv74iwBVpjl",
          "view_url": "https://drive.google.com/file/d/1bG_ia7VI8jr1QDxnivp7sUv74iwBVpjl/view",
          "direct_url": "https://drive.google.com/thumbnail?id=1bG_ia7VI8jr1QDxnivp7sUv74iwBVpjl&sz=w2000",
          "updated": "2025-12-28T14:06:27.458558"
        }
      },
      "yoy_aggregates_vs_2015": {
        "percentage": {
          "file_id": "16WqoFG6olyCEclDqvHNwkKHd7wnf8M4W",
          "view_url": "https://drive.google.com/file/d/16WqoFG6olyCEclDqvHNwkKHd7wnf8M4W/view",
          "direct_url": "https://drive.google.com/thumbnail?id=16WqoFG6olyCEclDqvHNwkKHd7wnf8M4W&sz=w2000",
          "updated": "2025-12-28T14:06:31.537430"
        },
        "absolute": {
          "file_id": "1U0rtn-c91eiBHI6RoB6-FoGSAHp8HF98",
          "view_url": "https://drive.google.com/file/d/1U0rtn-c91eiBHI6RoB6-FoGSAHp8HF98/view",
          "direct_url": "https://drive.google.com/thumbnail?id=1U0rtn-c91eiBHI6RoB6-FoGSAHp8HF98&sz=w2000",
          "updated": "2025-12-28T14:06:36.868909"
        }
      }
    }
  },
  "DE": {
    "Monthly": {
      "solar": {
        "percentage": {
          "file_id": "1Y72m8BgQkNoJTTXRuc0y_6w4VgXMN54g",
          "view_url": "https://drive.google.com/file/d/1Y72m8BgQkNoJTTXRuc0y_6w4VgXMN54g/view",
          "direct_url": "https://drive.google.com/thumbnail?id=1Y72m8BgQkNoJTTXRuc0y_6w4VgXMN54g&sz=w2000",
          "updated": "2025-12-28T14:06:45.972270"
        },
        "absolute": {
          "file_id": "1ZdDS5Szc_R9IgKjO28IvQfQ3sL0BYJs7",
          "view_url": "https://drive.google.com/file/d/1ZdDS5Szc_R9IgKjO28IvQfQ3sL0BYJs7/view",
          "direct_url": "https://drive.google.com/thumbnail?id=1ZdDS5Szc_R9IgKjO28IvQfQ3sL0BYJs7&sz=w2000",
          "updated": "2025-12-28T14:06:49.892638"
        }
      },
      "wind": {
        "percentage": {
          "file_id": "1t5SxUNdXQRvbdXXqRH6g2y8paqyWvys_",
          "view_url": "https://drive.google.com/file/d/1t5SxUNdXQRvbdXXqRH6g2y8paqyWvys_/view",
          "direct_url": "https://drive.google.com/thumbnail?id=1t5SxUNdXQRvbdXXqRH6g2y8paqyWvys_&sz=w2000",
          "updated": "2025-12-28T14:06:54.001125"
        },
        "absolute": {
          "file_id": "1ljnxFKF1pxScfFU5wsm1cwgZdfmj63kL",
          "view_url": "https://drive.google.com/file/d/1ljnxFKF1pxScfFU5wsm1cwgZdfmj63kL/view",
          "direct_url": "https://drive.google.com/thumbnail?id=1ljnxFKF1pxScfFU5wsm1cwgZdfmj63kL&sz=w2000",
          "updated": "2025-12-28T14:06:58.202586"
        }
      },
      "hydro": {
        "percentage": {
          "file_id": "1gA_BMz1sB8RrYaTQIVY6nLGF0GIZehZv",
          "view_url": "https://drive.google.com/file/d/1gA_BMz1sB8RrYaTQIVY6nLGF0GIZehZv/view",
          "direct_url": "https://drive.google.com/thumbnail?id=1gA_BMz1sB8RrYaTQIVY6nLGF0GIZehZv&sz=w2000",
          "updated": "2025-12-28T14:07:02.245172"
        },
        "absolute": {
          "file_id": "13y5Hrjy47jW6_eOP2ph4UFQ2tbkjIfty",
          "view_url": "https://drive.google.com/file/d/13y5Hrjy47jW6_eOP2ph4UFQ2tbkjIfty/view",
          "direct_url": "https://drive.google.com/thumbnail?id=13y5Hrjy47jW6_eOP2ph4UFQ2tbkjIfty&sz=w2000",
          "updated": "2025-12-28T14:07:06.166174"
        }
      },
      "biomass": {
        "percentage": {
          "file_id": "1QpMrZha4c1HhNmYIDZ8adiMaj2kXB2E7",
          "view_url": "https://drive.google.com/file/d/1QpMrZha4c1HhNmYIDZ8adiMaj2kXB2E7/view",
          "direct_url": "https://drive.google.com/thumbnail?id=1QpMrZha4c1HhNmYIDZ8adiMaj2kXB2E7&sz=w2000",
          "updated": "2025-12-28T14:07:10.028016"
        },
        "absolute": {
          "file_id": "1pOXt-1mY2cVGgOnWUyb49GVXMVJP6ypA",
          "view_url": "https://drive.google.com/file/d/1pOXt-1mY2cVGgOnWUyb49GVXMVJP6ypA/view",
          "direct_url": "https://drive.google.com/thumbnail?id=1pOXt-1mY2cVGgOnWUyb49GVXMVJP6ypA&sz=w2000",
          "updated": "2025-12-28T14:07:13.942168"
        }
      },
      "geothermal": {
        "percentage": {
          "file_id": "13m9PJuog7RWMrJwive7exczeoKTJSZdt",
          "view_url": "https://drive.google.com/file/d/13m9PJuog7RWMrJwive7exczeoKTJSZdt/view",
          "direct_url": "https://drive.google.com/thumbnail?id=13m9PJuog7RWMrJwive7exczeoKTJSZdt&sz=w2000",
          "updated": "2025-12-28T14:07:18.070283"
        },
        "absolute": {
          "file_id": "1iuu1fnnWhbJsBF3pdPQf6MWt-CYbS6lt",
          "view_url": "https://drive.google.com/file/d/1iuu1fnnWhbJsBF3pdPQf6MWt-CYbS6lt/view",
          "direct_url": "https://drive.google.com/thumbnail?id=1iuu1fnnWhbJsBF3pdPQf6MWt-CYbS6lt&sz=w2000",
          "updated": "2025-12-28T14:07:22.382273"
        }
      },
      "gas": {
        "percentage": {
          "file_id": "1wsVKvUtCZl59yLURIqUaVyk5y07on_p4",
          "view_url": "https://drive.google.com/file/d/1wsVKvUtCZl59yLURIqUaVyk5y07on_p4/view",
          "direct_url": "https://drive.google.com/thumbnail?id=1wsVKvUtCZl59yLURIqUaVyk5y07on_p4&sz=w2000",
          "updated": "2025-12-28T14:07:26.506755"
        },
        "absolute": {
          "file_id": "1hEIZnuw3UPX_KfoU3OPpmZjOZ_hppYEU",
          "view_url": "https://drive.google.com/file/d/1hEIZnuw3UPX_KfoU3OPpmZjOZ_hppYEU/view",
          "direct_url": "https://drive.google.com/thumbnail?id=1hEIZnuw3UPX_KfoU3OPpmZjOZ_hppYEU&sz=w2000",
          "updated": "2025-12-28T14:07:30.842196"
        }
      },
      "coal": {
        "percentage": {
          "file_id": "19Ry4r3nFLd06_qLGC2KwkQkGlrfIh2ky",
          "view_url": "https://drive.google.com/file/d/19Ry4r3nFLd06_qLGC2KwkQkGlrfIh2ky/view",
          "direct_url": "https://drive.google.com/thumbnail?id=19Ry4r3nFLd06_qLGC2KwkQkGlrfIh2ky&sz=w2000",
          "updated": "2025-12-28T14:07:34.806933"
        },
        "absolute": {
          "file_id": "10sPD2ou6w2LtFk_28QrncwHkNTt_QQHS",
          "view_url": "https://drive.google.com/file/d/10sPD2ou6w2LtFk_28QrncwHkNTt_QQHS/view",
          "direct_url": "https://drive.google.com/thumbnail?id=10sPD2ou6w2LtFk_28QrncwHkNTt_QQHS&sz=w2000",
          "updated": "2025-12-28T14:07:38.658218"
        }
      },
      "nuclear": {
        "percentage": {
          "file_id": "1SWkXjzVqBay4NEilAani2YsAH0g3HTYE",
          "view_url": "https://drive.google.com/file/d/1SWkXjzVqBay4NEilAani2YsAH0g3HTYE/view",
          "direct_url": "https://drive.google.com/thumbnail?id=1SWkXjzVqBay4NEilAani2YsAH0g3HTYE&sz=w2000",
          "updated": "2025-12-28T14:07:42.568239"
        },
        "absolute": {
          "file_id": "1f79BlE4rjo4BeoZJkGe3wudAQtK9kX8Y",
          "view_url": "https://drive.google.com/file/d/1f79BlE4rjo4BeoZJkGe3wudAQtK9kX8Y/view",
          "direct_url": "https://drive.google.com/thumbnail?id=1f79BlE4rjo4BeoZJkGe3wudAQtK9kX8Y&sz=w2000",
          "updated": "2025-12-28T14:07:46.508796"
        }
      },
      "oil": {
        "percentage": {
          "file_id": "1mouxLyllIf9MZC2E3Oown_2hJZGAj-8c",
          "view_url": "https://drive.google.com/file/d/1mouxLyllIf9MZC2E3Oown_2hJZGAj-8c/view",
          "direct_url": "https://drive.google.com/thumbnail?id=1mouxLyllIf9MZC2E3Oown_2hJZGAj-8c&sz=w2000",
          "updated": "2025-12-28T14:07:50.551373"
        },
        "absolute": {
          "file_id": "1qGBz1myyLrWYNDrt7tP48A9NMMNXvz1k",
          "view_url": "https://drive.google.com/file/d/1qGBz1myyLrWYNDrt7tP48A9NMMNXvz1k/view",
          "direct_url": "https://drive.google.com/thumbnail?id=1qGBz1myyLrWYNDrt7tP48A9NMMNXvz1k&sz=w2000",
          "updated": "2025-12-28T14:07:54.637456"
        }
      },
      "waste": {
        "percentage": {
          "file_id": "1V1tGDmDnuGr13WWZaSPxS8R2MAvPmlSp",
          "view_url": "https://drive.google.com/file/d/1V1tGDmDnuGr13WWZaSPxS8R2MAvPmlSp/view",
          "direct_url": "https://drive.google.com/thumbnail?id=1V1tGDmDnuGr13WWZaSPxS8R2MAvPmlSp&sz=w2000",
          "updated": "2025-12-28T14:07:58.637525"
        },
        "absolute": {
          "file_id": "1PSbN8EuJ1HXAhXJ-NNLj2-v-sMsU7cRX",
          "view_url": "https://drive.google.com/file/d/1PSbN8EuJ1HXAhXJ-NNLj2-v-sMsU7cRX/view",
          "direct_url": "https://drive.google.com/thumbnail?id=1PSbN8EuJ1HXAhXJ-NNLj2-v-sMsU7cRX&sz=w2000",
          "updated": "2025-12-28T14:08:03.185706"
        }
      },
      "all_renewables": {
        "percentage": {
          "file_id": "129DH5il0wz9tYt6y9HwsNPZszmuUgZZq",
          "view_url": "https://drive.google.com/file/d/129DH5il0wz9tYt6y9HwsNPZszmuUgZZq/view",
          "direct_url": "https://drive.google.com/thumbnail?id=129DH5il0wz9tYt6y9HwsNPZszmuUgZZq&sz=w2000",
          "updated": "2025-12-28T14:08:07.177620"
        },
        "absolute": {
          "file_id": "1H7-aRIp4rxNcga5zdgxr1unilL5jlTCf",
          "view_url": "https://drive.google.com/file/d/1H7-aRIp4rxNcga5zdgxr1unilL5jlTCf/view",
          "direct_url": "https://drive.google.com/thumbnail?id=1H7-aRIp4rxNcga5zdgxr1unilL5jlTCf&sz=w2000",
          "updated": "2025-12-28T14:08:12.928147"
        }
      },
      "all_non_renewables": {
        "percentage": {
          "file_id": "1S6XY2rO1bPbd6lEvu4ymO1-7okz40e5h",
          "view_url": "https://drive.google.com/file/d/1S6XY2rO1bPbd6lEvu4ymO1-7okz40e5h/view",
          "direct_url": "https://drive.google.com/thumbnail?id=1S6XY2rO1bPbd6lEvu4ymO1-7okz40e5h&sz=w2000",
          "updated": "2025-12-28T14:08:16.812549"
        },
        "absolute": {
          "file_id": "108rtd45z9Jb9PG-92amua2S2GuKDS-Gl",
          "view_url": "https://drive.google.com/file/d/108rtd45z9Jb9PG-92amua2S2GuKDS-Gl/view",
          "direct_url": "https://drive.google.com/thumbnail?id=108rtd45z9Jb9PG-92amua2S2GuKDS-Gl&sz=w2000",
          "updated": "2025-12-28T14:08:20.824825"
        }
      },
      "energy_sources_mean_2015_2019": {
        "percentage": {
          "file_id": "1UfB2RUvor7-LAO7fmGntUhdxjtSEwq0j",
          "view_url": "https://drive.google.com/file/d/1UfB2RUvor7-LAO7fmGntUhdxjtSEwq0j/view",
          "direct_url": "https://drive.google.com/thumbnail?id=1UfB2RUvor7-LAO7fmGntUhdxjtSEwq0j&sz=w2000",
          "updated": "2025-12-28T14:08:25.195801"
        },
        "absolute": {
          "file_id": "1T_bfSA68OtDUIZGAxlpUeJF7FWZVAThF",
          "view_url": "https://drive.google.com/file/d/1T_bfSA68OtDUIZGAxlpUeJF7FWZVAThF/view",
          "direct_url": "https://drive.google.com/thumbnail?id=1T_bfSA68OtDUIZGAxlpUeJF7FWZVAThF&sz=w2000",
          "updated": "2025-12-28T14:08:29.200894"
        }
      },
      "energy_sources_mean_2020_2024": {
        "percentage": {
          "file_id": "1f750PJH_75lrYFQ5LRQ-R8LIm2RZorwj",
          "view_url": "https://drive.google.com/file/d/1f750PJH_75lrYFQ5LRQ-R8LIm2RZorwj/view",
          "direct_url": "https://drive.google.com/thumbnail?id=1f750PJH_75lrYFQ5LRQ-R8LIm2RZorwj&sz=w2000",
          "updated": "2025-12-28T14:08:33.421705"
        },
        "absolute": {
          "file_id": "1TjPvuywn02r9NaprnD043R6FAX5K0UKS",
          "view_url": "https://drive.google.com/file/d/1TjPvuywn02r9NaprnD043R6FAX5K0UKS/view",
          "direct_url": "https://drive.google.com/thumbnail?id=1TjPvuywn02r9NaprnD043R6FAX5K0UKS&sz=w2000",
          "updated": "2025-12-28T14:08:37.390406"
        }
      },
      "energy_sources_mean_2025_2029": {
        "percentage": {
          "file_id": "1ETAc5HwMqccdHLMkWEy2wwIgE0kbn3HS",
          "view_url": "https://drive.google.com/file/d/1ETAc5HwMqccdHLMkWEy2wwIgE0kbn3HS/view",
          "direct_url": "https://drive.google.com/thumbnail?id=1ETAc5HwMqccdHLMkWEy2wwIgE0kbn3HS&sz=w2000",
          "updated": "2025-12-28T14:08:41.351462"
        },
        "absolute": {
          "file_id": "1R5lrQrNZU8XD0yLgfYOFTReDta6GHJAy",
          "view_url": "https://drive.google.com/file/d/1R5lrQrNZU8XD0yLgfYOFTReDta6GHJAy/view",
          "direct_url": "https://drive.google.com/thumbnail?id=1R5lrQrNZU8XD0yLgfYOFTReDta6GHJAy&sz=w2000",
          "updated": "2025-12-28T14:08:45.096769"
        }
      },
      "renewable_vs_nonrenewable_mean_2015_2019": {
        "percentage": {
          "file_id": "1RMygxEY-fXJtIDJoQNV2ALzLrhe4AwQU",
          "view_url": "https://drive.google.com/file/d/1RMygxEY-fXJtIDJoQNV2ALzLrhe4AwQU/view",
          "direct_url": "https://drive.google.com/thumbnail?id=1RMygxEY-fXJtIDJoQNV2ALzLrhe4AwQU&sz=w2000",
          "updated": "2025-12-28T14:08:49.821865"
        },
        "absolute": {
          "file_id": "1LwxbuXIE4XAXLu5wlbnmguODJnzY85em",
          "view_url": "https://drive.google.com/file/d/1LwxbuXIE4XAXLu5wlbnmguODJnzY85em/view",
          "direct_url": "https://drive.google.com/thumbnail?id=1LwxbuXIE4XAXLu5wlbnmguODJnzY85em&sz=w2000",
          "updated": "2025-12-28T14:08:53.968349"
        }
      },
      "renewable_vs_nonrenewable_mean_2020_2024": {
        "percentage": {
          "file_id": "1IkNQiFJceyQgmHlzCPnmPsKAyHYmvgGB",
          "view_url": "https://drive.google.com/file/d/1IkNQiFJceyQgmHlzCPnmPsKAyHYmvgGB/view",
          "direct_url": "https://drive.google.com/thumbnail?id=1IkNQiFJceyQgmHlzCPnmPsKAyHYmvgGB&sz=w2000",
          "updated": "2025-12-28T14:08:57.787551"
        },
        "absolute": {
          "file_id": "1txAcADZ53T8o5JXQZteAaZBgKk1UHX1a",
          "view_url": "https://drive.google.com/file/d/1txAcADZ53T8o5JXQZteAaZBgKk1UHX1a/view",
          "direct_url": "https://drive.google.com/thumbnail?id=1txAcADZ53T8o5JXQZteAaZBgKk1UHX1a&sz=w2000",
          "updated": "2025-12-28T14:09:01.275696"
        }
      },
      "renewable_vs_nonrenewable_mean_2025_2029": {
        "percentage": {
          "file_id": "1LxDcwAwTIpsifufL9IP8qUC78eCnp8E1",
          "view_url": "https://drive.google.com/file/d/1LxDcwAwTIpsifufL9IP8qUC78eCnp8E1/view",
          "direct_url": "https://drive.google.com/thumbnail?id=1LxDcwAwTIpsifufL9IP8qUC78eCnp8E1&sz=w2000",
          "updated": "2025-12-28T14:09:05.480343"
        },
        "absolute": {
          "file_id": "1qi1_FoEDCKPpuP6XfgoHqGP29Z-Nxei4",
          "view_url": "https://drive.google.com/file/d/1qi1_FoEDCKPpuP6XfgoHqGP29Z-Nxei4/view",
          "direct_url": "https://drive.google.com/thumbnail?id=1qi1_FoEDCKPpuP6XfgoHqGP29Z-Nxei4&sz=w2000",
          "updated": "2025-12-28T14:09:09.885110"
        }
      }
    },
    "Trends": {
      "all_sources": {
        "percentage": {
          "file_id": "1oMm77J9dKSZGzmLq1RtpnGyz4IttgYYE",
          "view_url": "https://drive.google.com/file/d/1oMm77J9dKSZGzmLq1RtpnGyz4IttgYYE/view",
          "direct_url": "https://drive.google.com/thumbnail?id=1oMm77J9dKSZGzmLq1RtpnGyz4IttgYYE&sz=w2000",
          "updated": "2025-12-28T14:09:13.771899"
        },
        "absolute": {
          "file_id": "1CaJH7KArCjJ2HYq7E1q1SUpYqN2QGduF",
          "view_url": "https://drive.google.com/file/d/1CaJH7KArCjJ2HYq7E1q1SUpYqN2QGduF/view",
          "direct_url": "https://drive.google.com/thumbnail?id=1CaJH7KArCjJ2HYq7E1q1SUpYqN2QGduF&sz=w2000",
          "updated": "2025-12-28T14:09:17.508566"
        }
      },
      "renewable_vs_nonrenewable": {
        "percentage": {
          "file_id": "1-pjsuw78o6WVp1-aD5mDGQb4zfk71rS8",
          "view_url": "https://drive.google.com/file/d/1-pjsuw78o6WVp1-aD5mDGQb4zfk71rS8/view",
          "direct_url": "https://drive.google.com/thumbnail?id=1-pjsuw78o6WVp1-aD5mDGQb4zfk71rS8&sz=w2000",
          "updated": "2025-12-28T14:09:21.551923"
        },
        "absolute": {
          "file_id": "1Wj2z9WZt1Bt5dYy4dPXZeMMoH_1y3Ozu",
          "view_url": "https://drive.google.com/file/d/1Wj2z9WZt1Bt5dYy4dPXZeMMoH_1y3Ozu/view",
          "direct_url": "https://drive.google.com/thumbnail?id=1Wj2z9WZt1Bt5dYy4dPXZeMMoH_1y3Ozu&sz=w2000",
          "updated": "2025-12-28T14:09:25.412754"
        }
      },
      "yoy_all_sources_vs_2015": {
        "percentage": {
          "file_id": "1zrABPk2uJlk5C1IosCnwm1tAPX_BQ6nr",
          "view_url": "https://drive.google.com/file/d/1zrABPk2uJlk5C1IosCnwm1tAPX_BQ6nr/view",
          "direct_url": "https://drive.google.com/thumbnail?id=1zrABPk2uJlk5C1IosCnwm1tAPX_BQ6nr&sz=w2000",
          "updated": "2025-12-28T14:09:29.139719"
        },
        "absolute": {
          "file_id": "1UclbojpVCy24sC7kOj1OChC_l9UNLX84",
          "view_url": "https://drive.google.com/file/d/1UclbojpVCy24sC7kOj1OChC_l9UNLX84/view",
          "direct_url": "https://drive.google.com/thumbnail?id=1UclbojpVCy24sC7kOj1OChC_l9UNLX84&sz=w2000",
          "updated": "2025-12-28T14:09:33.076354"
        }
      },
      "yoy_aggregates_vs_2015": {
        "percentage": {
          "file_id": "1YWO-LFoxBik9mR9pIPbglh81KhNwwrss",
          "view_url": "https://drive.google.com/file/d/1YWO-LFoxBik9mR9pIPbglh81KhNwwrss/view",
          "direct_url": "https://drive.google.com/thumbnail?id=1YWO-LFoxBik9mR9pIPbglh81KhNwwrss&sz=w2000",
          "updated": "2025-12-28T14:09:36.984846"
        },
        "absolute": {
          "file_id": "1LitIXHCwGhYv9N5M_teBkzI9gzJZOgO8",
          "view_url": "https://drive.google.com/file/d/1LitIXHCwGhYv9N5M_teBkzI9gzJZOgO8/view",
          "direct_url": "https://drive.google.com/thumbnail?id=1LitIXHCwGhYv9N5M_teBkzI9gzJZOgO8&sz=w2000",
          "updated": "2025-12-28T14:09:40.856443"
        }
      }
    }
  }
}