{
  "EU": {
    "last_updated": "2025-12-28 19:51:26 UTC",
    "sources": [
      {
        "source": "All Renewables",
        "category": "aggregate-renewable",
        "yesterday": {
          "gwh": 3275.9,
          "twh": 3.28,
          "percentage": 45.2,
          "change_from_2015": "+61%",
          "change_from_2024": "-13%",
          "change_from_2023": "-20%"
        },
        "last_week": {
          "gwh": 21305.3,
          "twh": 21.31,
          "percentage": 41.99,
          "change_from_2015": "+50%",
          "change_from_2024": "-4.1%",
          "change_from_2023": "-11%"
        },
        "ytd_2025": {
          "gwh": 1148923.2,
          "twh": 1148.92,
          "percentage": 46.75,
          "change_from_2015": "+52%",
          "change_from_2024": "-2.9%",
          "change_from_2023": "+5.5%"
        },
        "year_2024": {
          "gwh": 1208724.2,
          "twh": 1208.72,
          "percentage": 47.3,
          "change_from_2015": "+57%",
          "change_from_2024": "\u2014",
          "change_from_2023": "+8.2%"
        }
      },
      {
        "source": "Wind",
        "category": "renewable",
        "yesterday": {
          "gwh": 1855.7,
          "twh": 1.86,
          "percentage": 25.6,
          "change_from_2015": "+98%",
          "change_from_2024": "-20%",
          "change_from_2023": "-22%"
        },
        "last_week": {
          "gwh": 11056.1,
          "twh": 11.06,
          "percentage": 21.79,
          "change_from_2015": "+69%",
          "change_from_2024": "-14%",
          "change_from_2023": "-15%"
        },
        "ytd_2025": {
          "gwh": 431343.7,
          "twh": 431.34,
          "percentage": 17.55,
          "change_from_2015": "+79%",
          "change_from_2024": "-4.9%",
          "change_from_2023": "-2.7%"
        },
        "year_2024": {
          "gwh": 467107.0,
          "twh": 467.11,
          "percentage": 18.28,
          "change_from_2015": "+88%",
          "change_from_2024": "\u2014",
          "change_from_2023": "+2.1%"
        }
      },
      {
        "source": "Hydro",
        "category": "renewable",
        "yesterday": {
          "gwh": 838.4,
          "twh": 0.84,
          "percentage": 11.57,
          "change_from_2015": "+9.4%",
          "change_from_2024": "-5.8%",
          "change_from_2023": "-29%"
        },
        "last_week": {
          "gwh": 6818.8,
          "twh": 6.82,
          "percentage": 13.44,
          "change_from_2015": "+27%",
          "change_from_2024": "+8.7%",
          "change_from_2023": "-18%"
        },
        "ytd_2025": {
          "gwh": 360672.1,
          "twh": 360.67,
          "percentage": 14.68,
          "change_from_2015": "+4.0%",
          "change_from_2024": "-13%",
          "change_from_2023": "-2.9%"
        },
        "year_2024": {
          "gwh": 420536.6,
          "twh": 420.54,
          "percentage": 16.45,
          "change_from_2015": "+19%",
          "change_from_2024": "\u2014",
          "change_from_2023": "+10%"
        }
      },
      {
        "source": "Solar",
        "category": "renewable",
        "yesterday": {
          "gwh": 334.3,
          "twh": 0.33,
          "percentage": 4.61,
          "change_from_2015": "+263%",
          "change_from_2024": "-13%",
          "change_from_2023": "+15%"
        },
        "last_week": {
          "gwh": 1720.8,
          "twh": 1.72,
          "percentage": 3.39,
          "change_from_2015": "+167%",
          "change_from_2024": "+8.0%",
          "change_from_2023": "+43%"
        },
        "ytd_2025": {
          "gwh": 274750.1,
          "twh": 274.75,
          "percentage": 11.18,
          "change_from_2015": "+217%",
          "change_from_2024": "+17%",
          "change_from_2023": "+41%"
        },
        "year_2024": {
          "gwh": 237604.8,
          "twh": 237.6,
          "percentage": 9.3,
          "change_from_2015": "+172%",
          "change_from_2024": "\u2014",
          "change_from_2023": "+21%"
        }
      },
      {
        "source": "Biomass",
        "category": "renewable",
        "yesterday": {
          "gwh": 217.3,
          "twh": 0.22,
          "percentage": 3.0,
          "change_from_2015": "+5.6%",
          "change_from_2024": "+1.3%",
          "change_from_2023": "+19%"
        },
        "last_week": {
          "gwh": 1603.8,
          "twh": 1.6,
          "percentage": 3.16,
          "change_from_2015": "+11%",
          "change_from_2024": "+1.0%",
          "change_from_2023": "+19%"
        },
        "ytd_2025": {
          "gwh": 74221.2,
          "twh": 74.22,
          "percentage": 3.02,
          "change_from_2015": "+5.9%",
          "change_from_2024": "+3.8%",
          "change_from_2023": "+7.3%"
        },
        "year_2024": {
          "gwh": 73313.0,
          "twh": 73.31,
          "percentage": 2.87,
          "change_from_2015": "+2.2%",
          "change_from_2024": "\u2014",
          "change_from_2023": "+3.7%"
        }
      },
      {
        "source": "Geothermal",
        "category": "renewable",
        "yesterday": {
          "gwh": 15.1,
          "twh": 0.02,
          "percentage": 0.21,
          "change_from_2015": "-10.0%",
          "change_from_2024": "+324%",
          "change_from_2023": "-2.7%"
        },
        "last_week": {
          "gwh": 105.9,
          "twh": 0.11,
          "percentage": 0.21,
          "change_from_2015": "-10.0%",
          "change_from_2024": "+325%",
          "change_from_2023": "-2.6%"
        },
        "ytd_2025": {
          "gwh": 1994.1,
          "twh": 1.99,
          "percentage": 0.08,
          "change_from_2015": "-66%",
          "change_from_2024": "-60%",
          "change_from_2023": "-63%"
        },
        "year_2024": {
          "gwh": 5018.8,
          "twh": 5.02,
          "percentage": 0.2,
          "change_from_2015": "-15%",
          "change_from_2024": "\u2014",
          "change_from_2023": "-9.7%"
        }
      },
      {
        "source": "All Non-Renewables",
        "category": "aggregate-non-renewable",
        "yesterday": {
          "gwh": 3985.7,
          "twh": 3.99,
          "percentage": 54.99,
          "change_from_2015": "-22%",
          "change_from_2024": "-6.1%",
          "change_from_2023": "+0.4%"
        },
        "last_week": {
          "gwh": 29433.6,
          "twh": 29.43,
          "percentage": 58.01,
          "change_from_2015": "-18%",
          "change_from_2024": "+5.3%",
          "change_from_2023": "+13%"
        },
        "ytd_2025": {
          "gwh": 1308429.4,
          "twh": 1308.43,
          "percentage": 53.25,
          "change_from_2015": "-25%",
          "change_from_2024": "-0.2%",
          "change_from_2023": "-3.6%"
        },
        "year_2024": {
          "gwh": 1346977.9,
          "twh": 1346.98,
          "percentage": 52.7,
          "change_from_2015": "-24%",
          "change_from_2024": "\u2014",
          "change_from_2023": "-3.1%"
        }
      },
      {
        "source": "Nuclear",
        "category": "non-renewable",
        "yesterday": {
          "gwh": 2075.3,
          "twh": 2.08,
          "percentage": 28.63,
          "change_from_2015": "-8.4%",
          "change_from_2024": "+4.1%",
          "change_from_2023": "+11%"
        },
        "last_week": {
          "gwh": 14420.4,
          "twh": 14.42,
          "percentage": 28.42,
          "change_from_2015": "-9.1%",
          "change_from_2024": "+3.3%",
          "change_from_2023": "+10.0%"
        },
        "ytd_2025": {
          "gwh": 589162.4,
          "twh": 589.16,
          "percentage": 23.98,
          "change_from_2015": "-19%",
          "change_from_2024": "-2.3%",
          "change_from_2023": "+2.6%"
        },
        "year_2024": {
          "gwh": 618487.0,
          "twh": 618.49,
          "percentage": 24.2,
          "change_from_2015": "-17%",
          "change_from_2024": "\u2014",
          "change_from_2023": "+5.0%"
        }
      },
      {
        "source": "Gas",
        "category": "non-renewable",
        "yesterday": {
          "gwh": 1166.0,
          "twh": 1.17,
          "percentage": 16.09,
          "change_from_2015": "+29%",
          "change_from_2024": "-4.3%",
          "change_from_2023": "+15%"
        },
        "last_week": {
          "gwh": 9184.4,
          "twh": 9.18,
          "percentage": 18.1,
          "change_from_2015": "+46%",
          "change_from_2024": "+25%",
          "change_from_2023": "+51%"
        },
        "ytd_2025": {
          "gwh": 367642.8,
          "twh": 367.64,
          "percentage": 14.96,
          "change_from_2015": "+46%",
          "change_from_2024": "+7.2%",
          "change_from_2023": "+0.8%"
        },
        "year_2024": {
          "gwh": 353468.9,
          "twh": 353.47,
          "percentage": 13.83,
          "change_from_2015": "+37%",
          "change_from_2024": "\u2014",
          "change_from_2023": "-5.4%"
        }
      },
      {
        "source": "Coal",
        "category": "non-renewable",
        "yesterday": {
          "gwh": 551.9,
          "twh": 0.55,
          "percentage": 7.61,
          "change_from_2015": "-66%",
          "change_from_2024": "-25%",
          "change_from_2023": "-29%"
        },
        "last_week": {
          "gwh": 4335.7,
          "twh": 4.34,
          "percentage": 8.55,
          "change_from_2015": "-62%",
          "change_from_2024": "-11%",
          "change_from_2023": "-15%"
        },
        "ytd_2025": {
          "gwh": 238026.1,
          "twh": 238.03,
          "percentage": 9.69,
          "change_from_2015": "-58%",
          "change_from_2024": "-7.6%",
          "change_from_2023": "-23%"
        },
        "year_2024": {
          "gwh": 264693.6,
          "twh": 264.69,
          "percentage": 10.36,
          "change_from_2015": "-55%",
          "change_from_2024": "\u2014",
          "change_from_2023": "-16%"
        }
      },
      {
        "source": "Waste",
        "category": "non-renewable",
        "yesterday": {
          "gwh": 165.9,
          "twh": 0.17,
          "percentage": 2.29,
          "change_from_2015": "-41%",
          "change_from_2024": "-33%",
          "change_from_2023": "-29%"
        },
        "last_week": {
          "gwh": 1296.5,
          "twh": 1.3,
          "percentage": 2.56,
          "change_from_2015": "-35%",
          "change_from_2024": "-27%",
          "change_from_2023": "-23%"
        },
        "ytd_2025": {
          "gwh": 98875.9,
          "twh": 98.88,
          "percentage": 4.02,
          "change_from_2015": "-42%",
          "change_from_2024": "+0.9%",
          "change_from_2023": "+1.1%"
        },
        "year_2024": {
          "gwh": 100101.5,
          "twh": 100.1,
          "percentage": 3.92,
          "change_from_2015": "-42%",
          "change_from_2024": "\u2014",
          "change_from_2023": "+0.3%"
        }
      },
      {
        "source": "Oil",
        "category": "non-renewable",
        "yesterday": {
          "gwh": 27.8,
          "twh": 0.03,
          "percentage": 0.38,
          "change_from_2015": "-54%",
          "change_from_2024": "+47%",
          "change_from_2023": "+5.6%"
        },
        "last_week": {
          "gwh": 196.6,
          "twh": 0.2,
          "percentage": 0.39,
          "change_from_2015": "-54%",
          "change_from_2024": "-8.2%",
          "change_from_2023": "-34%"
        },
        "ytd_2025": {
          "gwh": 12469.4,
          "twh": 12.47,
          "percentage": 0.51,
          "change_from_2015": "-39%",
          "change_from_2024": "+4.7%",
          "change_from_2023": "-9.1%"
        },
        "year_2024": {
          "gwh": 12140.1,
          "twh": 12.14,
          "percentage": 0.48,
          "change_from_2015": "-42%",
          "change_from_2024": "\u2014",
          "change_from_2023": "-13%"
        }
      }
    ]
  },
  "DE": {
    "last_updated": "2025-12-28 19:51:27 UTC",
    "sources": [
      {
        "source": "All Renewables",
        "category": "aggregate-renewable",
        "yesterday": {
          "gwh": 627.2,
          "twh": 0.63,
          "percentage": 56.74,
          "change_from_2015": "+2.7%",
          "change_from_2024": "-46%",
          "change_from_2023": "-52%"
        },
        "last_week": {
          "gwh": 5287.1,
          "twh": 5.29,
          "percentage": 62.38,
          "change_from_2015": "+24%",
          "change_from_2024": "-2.8%",
          "change_from_2023": "-14%"
        },
        "ytd_2025": {
          "gwh": 268349.0,
          "twh": 268.35,
          "percentage": 62.3,
          "change_from_2015": "+48%",
          "change_from_2024": "-1.6%",
          "change_from_2023": "+0.6%"
        },
        "year_2024": {
          "gwh": 279626.3,
          "twh": 279.63,
          "percentage": 62.04,
          "change_from_2015": "+49%",
          "change_from_2024": "\u2014",
          "change_from_2023": "+1.9%"
        }
      },
      {
        "source": "Wind",
        "category": "renewable",
        "yesterday": {
          "gwh": 414.4,
          "twh": 0.41,
          "percentage": 37.49,
          "change_from_2015": "+8.1%",
          "change_from_2024": "-65%",
          "change_from_2023": "-71%"
        },
        "last_week": {
          "gwh": 3743.8,
          "twh": 3.74,
          "percentage": 44.17,
          "change_from_2015": "+40%",
          "change_from_2024": "-4.3%",
          "change_from_2023": "-20%"
        },
        "ytd_2025": {
          "gwh": 124394.0,
          "twh": 124.39,
          "percentage": 28.88,
          "change_from_2015": "+64%",
          "change_from_2024": "-6.8%",
          "change_from_2023": "-9.2%"
        },
        "year_2024": {
          "gwh": 138227.8,
          "twh": 138.23,
          "percentage": 30.67,
          "change_from_2015": "+74%",
          "change_from_2024": "\u2014",
          "change_from_2023": "-3.0%"
        }
      },
      {
        "source": "Hydro",
        "category": "renewable",
        "yesterday": {
          "gwh": 58.3,
          "twh": 0.06,
          "percentage": 5.27,
          "change_from_2015": "-27%",
          "change_from_2024": "-33%",
          "change_from_2023": "-37%"
        },
        "last_week": {
          "gwh": 453.7,
          "twh": 0.45,
          "percentage": 5.35,
          "change_from_2015": "-19%",
          "change_from_2024": "-15%",
          "change_from_2023": "-20%"
        },
        "ytd_2025": {
          "gwh": 35477.1,
          "twh": 35.48,
          "percentage": 8.24,
          "change_from_2015": "+14%",
          "change_from_2024": "-12%",
          "change_from_2023": "-3.9%"
        },
        "year_2024": {
          "gwh": 40994.5,
          "twh": 40.99,
          "percentage": 9.1,
          "change_from_2015": "+29%",
          "change_from_2024": "\u2014",
          "change_from_2023": "+8.2%"
        }
      },
      {
        "source": "Solar",
        "category": "renewable",
        "yesterday": {
          "gwh": 50.3,
          "twh": 0.05,
          "percentage": 4.55,
          "change_from_2015": "+84%",
          "change_from_2024": "+45%",
          "change_from_2023": "+98%"
        },
        "last_week": {
          "gwh": 351.9,
          "twh": 0.35,
          "percentage": 4.15,
          "change_from_2015": "+84%",
          "change_from_2024": "+48%",
          "change_from_2023": "+102%"
        },
        "ytd_2025": {
          "gwh": 73249.5,
          "twh": 73.25,
          "percentage": 17.01,
          "change_from_2015": "+112%",
          "change_from_2024": "+17%",
          "change_from_2023": "+32%"
        },
        "year_2024": {
          "gwh": 63148.4,
          "twh": 63.15,
          "percentage": 14.01,
          "change_from_2015": "+82%",
          "change_from_2024": "\u2014",
          "change_from_2023": "+14%"
        }
      },
      {
        "source": "Biomass",
        "category": "renewable",
        "yesterday": {
          "gwh": 103.7,
          "twh": 0.1,
          "percentage": 9.38,
          "change_from_2015": "-9.6%",
          "change_from_2024": "+5.8%",
          "change_from_2023": "+7.6%"
        },
        "last_week": {
          "gwh": 734.0,
          "twh": 0.73,
          "percentage": 8.66,
          "change_from_2015": "-8.6%",
          "change_from_2024": "+2.3%",
          "change_from_2023": "+4.0%"
        },
        "ytd_2025": {
          "gwh": 34352.8,
          "twh": 34.35,
          "percentage": 7.98,
          "change_from_2015": "-11%",
          "change_from_2024": "-2.6%",
          "change_from_2023": "-5.6%"
        },
        "year_2024": {
          "gwh": 36197.0,
          "twh": 36.2,
          "percentage": 8.03,
          "change_from_2015": "-8.9%",
          "change_from_2024": "\u2014",
          "change_from_2023": "-2.9%"
        }
      },
      {
        "source": "Geothermal",
        "category": "renewable",
        "yesterday": {
          "gwh": 0.5,
          "twh": 0.0,
          "percentage": 0.05,
          "change_from_2015": "+11%",
          "change_from_2024": "-36%",
          "change_from_2023": "-21%"
        },
        "last_week": {
          "gwh": 3.7,
          "twh": 0.0,
          "percentage": 0.04,
          "change_from_2015": "+12%",
          "change_from_2024": "-32%",
          "change_from_2023": "-16%"
        },
        "ytd_2025": {
          "gwh": 201.1,
          "twh": 0.2,
          "percentage": 0.05,
          "change_from_2015": "+56%",
          "change_from_2024": "-2.2%",
          "change_from_2023": "+9.2%"
        },
        "year_2024": {
          "gwh": 212.6,
          "twh": 0.21,
          "percentage": 0.05,
          "change_from_2015": "+60%",
          "change_from_2024": "\u2014",
          "change_from_2023": "+12%"
        }
      },
      {
        "source": "All Non-Renewables",
        "category": "aggregate-non-renewable",
        "yesterday": {
          "gwh": 478.1,
          "twh": 0.48,
          "percentage": 43.26,
          "change_from_2015": "-46%",
          "change_from_2024": "+13%",
          "change_from_2023": "+13%"
        },
        "last_week": {
          "gwh": 3188.9,
          "twh": 3.19,
          "percentage": 37.62,
          "change_from_2015": "-49%",
          "change_from_2024": "+1.1%",
          "change_from_2023": "+0.4%"
        },
        "ytd_2025": {
          "gwh": 162379.9,
          "twh": 162.38,
          "percentage": 37.7,
          "change_from_2015": "-49%",
          "change_from_2024": "-2.1%",
          "change_from_2023": "-13%"
        },
        "year_2024": {
          "gwh": 171079.4,
          "twh": 171.08,
          "percentage": 37.96,
          "change_from_2015": "-47%",
          "change_from_2024": "\u2014",
          "change_from_2023": "-11%"
        }
      },
      {
        "source": "Nuclear",
        "category": "non-renewable",
        "yesterday": {
          "gwh": 0.0,
          "twh": 0.0,
          "percentage": 0.0,
          "change_from_2015": "-100%",
          "change_from_2024": "",
          "change_from_2023": ""
        },
        "last_week": {
          "gwh": 0.0,
          "twh": 0.0,
          "percentage": 0.0,
          "change_from_2015": "-100%",
          "change_from_2024": "",
          "change_from_2023": ""
        },
        "ytd_2025": {
          "gwh": 0.0,
          "twh": 0.0,
          "percentage": 0.0,
          "change_from_2015": "-100%",
          "change_from_2024": "",
          "change_from_2023": ""
        },
        "year_2024": {
          "gwh": 0.0,
          "twh": 0.0,
          "percentage": 0.0,
          "change_from_2015": "-100%",
          "change_from_2024": "\u2014",
          "change_from_2023": ""
        }
      },
      {
        "source": "Gas",
        "category": "non-renewable",
        "yesterday": {
          "gwh": 238.7,
          "twh": 0.24,
          "percentage": 21.6,
          "change_from_2015": "+257%",
          "change_from_2024": "+56%",
          "change_from_2023": "+85%"
        },
        "last_week": {
          "gwh": 1625.4,
          "twh": 1.63,
          "percentage": 19.18,
          "change_from_2015": "+247%",
          "change_from_2024": "+21%",
          "change_from_2023": "+44%"
        },
        "ytd_2025": {
          "gwh": 60970.1,
          "twh": 60.97,
          "percentage": 14.16,
          "change_from_2015": "+286%",
          "change_from_2024": "+2.4%",
          "change_from_2023": "+13%"
        },
        "year_2024": {
          "gwh": 61563.0,
          "twh": 61.56,
          "percentage": 13.66,
          "change_from_2015": "+275%",
          "change_from_2024": "\u2014",
          "change_from_2023": "+10%"
        }
      },
      {
        "source": "Coal",
        "category": "non-renewable",
        "yesterday": {
          "gwh": 208.2,
          "twh": 0.21,
          "percentage": 18.84,
          "change_from_2015": "-62%",
          "change_from_2024": "-17%",
          "change_from_2023": "-26%"
        },
        "last_week": {
          "gwh": 1322.5,
          "twh": 1.32,
          "percentage": 15.6,
          "change_from_2015": "-66%",
          "change_from_2024": "-13%",
          "change_from_2023": "-22%"
        },
        "ytd_2025": {
          "gwh": 91706.6,
          "twh": 91.71,
          "percentage": 21.29,
          "change_from_2015": "-56%",
          "change_from_2024": "-4.0%",
          "change_from_2023": "-20%"
        },
        "year_2024": {
          "gwh": 98322.6,
          "twh": 98.32,
          "percentage": 21.82,
          "change_from_2015": "-54%",
          "change_from_2024": "\u2014",
          "change_from_2023": "-16%"
        }
      },
      {
        "source": "Waste",
        "category": "non-renewable",
        "yesterday": {
          "gwh": 21.7,
          "twh": 0.02,
          "percentage": 1.96,
          "change_from_2015": "+5.1%",
          "change_from_2024": "+15%",
          "change_from_2023": "+9.0%"
        },
        "last_week": {
          "gwh": 174.2,
          "twh": 0.17,
          "percentage": 2.06,
          "change_from_2015": "+21%",
          "change_from_2024": "+8.1%",
          "change_from_2023": "+2.6%"
        },
        "ytd_2025": {
          "gwh": 7025.7,
          "twh": 7.03,
          "percentage": 1.63,
          "change_from_2015": "-4.0%",
          "change_from_2024": "-9.3%",
          "change_from_2023": "-15%"
        },
        "year_2024": {
          "gwh": 7950.6,
          "twh": 7.95,
          "percentage": 1.76,
          "change_from_2015": "+6.0%",
          "change_from_2024": "\u2014",
          "change_from_2023": "-5.8%"
        }
      },
      {
        "source": "Oil",
        "category": "non-renewable",
        "yesterday": {
          "gwh": 9.5,
          "twh": 0.01,
          "percentage": 0.86,
          "change_from_2015": "+93%",
          "change_from_2024": "+12%",
          "change_from_2023": "-2.6%"
        },
        "last_week": {
          "gwh": 66.8,
          "twh": 0.07,
          "percentage": 0.79,
          "change_from_2015": "+94%",
          "change_from_2024": "-45%",
          "change_from_2023": "-53%"
        },
        "ytd_2025": {
          "gwh": 2677.5,
          "twh": 2.68,
          "percentage": 0.62,
          "change_from_2015": "+54%",
          "change_from_2024": "-15%",
          "change_from_2023": "-12%"
        },
        "year_2024": {
          "gwh": 3243.2,
          "twh": 3.24,
          "percentage": 0.72,
          "change_from_2015": "+82%",
          "change_from_2024": "\u2014",
          "change_from_2023": "+3.0%"
        }
      }
    ]
  }
}